-- ============================================================
-- 校园机动车综合管理平台 - 测试数据
-- ============================================================

USE CampusVehicleDB;
GO

-- ============================================================
-- 管理员（3人）
-- ============================================================
INSERT INTO Admin (admin_name, admin_password) VALUES (N'张伟', 'admin123');
INSERT INTO Admin (admin_name, admin_password) VALUES (N'李娜', 'admin456');
INSERT INTO Admin (admin_name, admin_password) VALUES (N'王强', 'admin789');
GO

-- ============================================================
-- 车主（12人：6教职工 + 4学生 + 2临时访客）
-- ============================================================
INSERT INTO Owner (owner_name, owner_type, id_card, phone, department) VALUES
  (N'刘建国', N'教职工', '110101198001011234', '13800001001', N'计算机学院'),
  (N'陈晓明', N'教职工', '110101197505122345', '13800001002', N'电子工程学院'),
  (N'赵丽华', N'教职工', '110101198203153456', '13800001003', N'经济管理学院'),
  (N'孙文博', N'教职工', '110101197808234567', '13800001004', N'保卫处'),
  (N'周志远', N'教职工', '110101198509145678', '13800001005', N'后勤管理处'),
  (N'吴秀英', N'教职工', '110101199012256789', '13800001006', N'图书馆'),
  (N'林小宇', N'学生',   '110101200201011111', '13800001007', N'计算机学院'),
  (N'张雨萱', N'学生',   '110101200305062222', '13800001008', N'外国语学院'),
  (N'王浩然', N'学生',   '110101200108153333', '13800001009', N'机械工程学院'),
  (N'李思涵', N'学生',   '110101200212204444', '13800001010', N'数学学院'),
  (N'黄磊',   N'临时访客', '110101199503075555', '13800001011', NULL),
  (N'郑芳',   N'临时访客', '110101198806086666', '13800001012', NULL);
GO

-- ============================================================
-- 车辆（12辆）
-- ============================================================
INSERT INTO Vehicle (plate_number, vehicle_type, vehicle_color, owner_id) VALUES
  ('京A10001', N'小型汽车', N'黑色', 1),
  ('京A10002', N'小型汽车', N'白色', 2),
  ('京A10003', N'小型汽车', N'银色', 3),
  ('京A10004', N'小型汽车', N'蓝色', 4),
  ('京A10005', N'小型汽车', N'红色', 5),
  ('京A10006', N'大型汽车', N'白色', 6),
  ('京A10007', N'小型汽车', N'灰色', 7),
  ('京A10008', N'摩托车',   N'黑色', 8),
  ('京A10009', N'小型汽车', N'绿色', 9),
  ('京A10010', N'小型汽车', N'黑色', 10),
  ('京A10011', N'小型汽车', N'白色', 11),
  ('京A10012', N'摩托车',   N'红色', 12);
GO

-- ============================================================
-- 通行证（12张）
-- ============================================================
INSERT INTO Permit (plate_number, permit_type, start_date, end_date, permit_status, admin_id) VALUES
  ('京A10001', N'全校通行', '2026-01-01', '2026-12-31', N'有效', 1),
  ('京A10002', N'全校通行', '2026-01-01', '2026-12-31', N'有效', 1),
  ('京A10003', N'全校通行', '2026-03-01', '2026-08-31', N'有效', 2),
  ('京A10004', N'全校通行', '2025-01-01', '2025-12-31', N'过期', 1),
  ('京A10004', N'全校通行', '2026-01-01', '2026-12-31', N'有效', 2),
  ('京A10005', N'限时通行', '2026-02-01', '2026-07-31', N'有效', 1),
  ('京A10006', N'指定区域', '2026-01-15', '2026-06-30', N'有效', 3),
  ('京A10007', N'全校通行', '2026-09-01', '2027-01-31', N'有效', 2),
  ('京A10008', N'限时通行', '2026-01-01', '2026-06-30', N'有效', 1),
  ('京A10009', N'全校通行', '2026-01-01', '2026-12-31', N'有效', 3),
  ('京A10010', N'全校通行', '2026-03-01', '2026-08-31', N'有效', 1),
  ('京A10011', N'限时通行', '2026-01-01', '2026-03-31', N'过期', 2);
GO

-- ============================================================
-- 违规记录（15条）
-- ============================================================
INSERT INTO Violation (plate_number, violation_type, violation_time, violation_location, violation_desc, points_deducted, admin_id) VALUES
  ('京A10001', N'违停',       '2026-03-10 08:30:00', N'教学楼A区门口',     N'占用人行道停车', 2, 1),
  ('京A10001', N'超速',       '2026-04-05 14:20:00', N'校园主干道',         N'限速30km/h，实际50km/h', 3, 2),
  ('京A10002', N'违停',       '2026-03-15 09:00:00', N'图书馆南侧',         N'占用消防通道', 6, 1),
  ('京A10003', N'超速',       '2026-04-20 10:15:00', N'学生宿舍区',         N'限速20km/h，实际35km/h', 3, 3),
  ('京A10004', N'无证入校',   '2026-02-28 07:45:00', N'北门岗亭',           N'通行证已过期仍强行入校', 6, 1),
  ('京A10005', N'违停',       '2026-03-22 16:30:00', N'体育馆东侧',         N'占用残疾人车位', 2, 2),
  ('京A10006', N'占用消防通道', '2026-04-01 11:00:00', N'实验楼B区',         N'停放于消防通道上', 6, 1),
  ('京A10007', N'超速',       '2026-04-10 08:50:00', N'校园环路',           N'限速30km/h，实际45km/h', 3, 3),
  ('京A10008', N'违停',       '2026-03-28 13:00:00', N'食堂北门',           N'占用非机动车停放区域', 1, 2),
  ('京A10009', N'违停',       '2026-04-15 15:30:00', N'行政楼前',           N'未停在规定车位', 2, 1),
  ('京A10010', N'超速',       '2026-04-18 07:30:00', N'南门至教学楼路段',   N'限速20km/h，实际40km/h', 3, 2),
  ('京A10001', N'违停',       '2026-05-02 10:00:00', N'操场西侧',           N'占用应急车道', 2, 3),
  ('京A10003', N'占用消防通道', '2026-05-05 09:20:00', N'学生宿舍1号楼',     N'停放于消防栓前', 6, 1),
  ('京A10005', N'超速',       '2026-05-10 16:00:00', N'校园主干道',         N'限速30km/h，实际55km/h', 3, 2),
  ('京A10012', N'无证入校',   '2026-05-12 08:00:00', N'东门岗亭',           N'未办理通行证', 6, 3);
GO

-- ============================================================
-- 处罚记录（12条，对应部分违规记录）
-- ============================================================
INSERT INTO Penalty (violation_id, penalty_type, penalty_amount, penalty_status, process_time, admin_id) VALUES
  (1,  N'罚款',          50.00,  N'已处理',   '2026-03-12 10:00:00', 1),
  (2,  N'罚款',         100.00,  N'已处理',   '2026-04-07 09:00:00', 2),
  (3,  N'罚款',         500.00,  N'待处理',   NULL, NULL),
  (4,  N'罚款',         100.00,  N'已处理',   '2026-04-22 14:00:00', 3),
  (5,  N'罚款',         200.00,  N'已处理',   '2026-03-01 08:30:00', 1),
  (6,  N'警告',           0.00,  N'已处理',   '2026-03-24 11:00:00', 2),
  (7,  N'罚款',         500.00,  N'待处理',   NULL, NULL),
  (8,  N'罚款',         100.00,  N'已申诉',   NULL, NULL),
  (9,  N'警告',           0.00,  N'已处理',   '2026-03-30 15:00:00', 2),
  (10, N'罚款',          50.00,  N'待处理',   NULL, NULL),
  (11, N'罚款',         100.00,  N'待处理',   NULL, NULL),
  (14, N'罚款',         100.00,  N'申诉通过', '2026-05-12 10:00:00', 1);
GO

PRINT '===== 测试数据插入完成 =====';
PRINT '管理员: 3人';
PRINT '车主: 12人';
PRINT '车辆: 12辆';
PRINT '通行证: 12张';
PRINT '违规记录: 15条';
PRINT '处罚记录: 12条';
GO
